﻿SeqNo,Title,Author,Issuer,Date,URL,ModifiedDate
1,中華民國海軍陸戰隊發展史,孫建中主編,國防部史政編譯室,20100101,https://www.govbooks.com.tw/books/78019,20240220
2,2010美國四年期國防總檢討報告,美國國防部著 ; 黃文啟翻譯,國防部史政編譯室,20101101,https://www.govbooks.com.tw/books/80944,20240220
3,高空的勇者：黑貓中隊口述歷史,郭冠麟主編,國防部史政編譯室,20100901,https://www.govbooks.com.tw/books/79898,20240220
4,鐵翼雄鷹：大漠計畫口述歷史,曾瓊葉主編,國防部史政編譯室,20101201,https://www.govbooks.com.tw/books/80995,20240220
5,中共的國際行為,Evans S.Medeiros著 ; 李柏彥譯,國防部史政編譯室,20110501,https://gpi.culture.tw/books/1010001004,20240220
6,軍事史評論第18期,孫建中主編,國防部史政編譯室,20110601,https://ebook.ncl.edu.tw/webpac/bookDetail.jsp?id=48180&Lflag=1&tuple=1,20240220
7,群英憶往：陸軍官校第四軍官訓練班入伍生總隊口述歷史,吳貞正主編,國防部史政編譯室,20110301,https://gpi.culture.tw/books/1010000460,20240220
8,21世紀中共空軍用兵思想,羅傑.克里夫(Roger Cliff)等著 ; 黃文啟翻譯,國防部史政編譯室,20120901,https://gpi.culture.tw/books/1010101898,20240220
9,軍事史評論第19期,孫建中主編,國防部史政編譯室,20120601,https://ebook.ncl.edu.tw/webpac/bookDetail.jsp?id=48183&Lflag=1&tuple=1,20240220
10,軍事史評論第20期,孫建中主編,國防部政務辦公室,20130601,https://ebook.ncl.edu.tw/webpac/bookDetail.jsp?id=48184&Lflag=1&tuple=1,20240220
11,枕戈待旦：金馬戰地政務工作訪問紀錄,彭大年主編,國防部政務辦公室,20130701,https://www.govbooks.com.tw/books/96514,20240220
12,南疆屏障：南海駐防官兵訪問紀錄,吳貞正主編,國防部政務辦公室,20131001,https://gpi.culture.tw/books/1010202156,20240220
13,2014美國四年期國防總檢討報告,"Department of Defense, USA作 ； 李永悌譯",國防部政務辦公室,20140601,https://www.govbooks.com.tw/books/99153,20240220
14,中共軍事現代化：戰略研析選譯,"羅納德.歐羅克(Ronald O'Rourke), 張恩美(Amy Chang), 道森(John Dotson)作 ； 童光復譯",國防部政務辦公室,20141101,https://gpi.culture.tw/books/1010302621,20240220
15,軍事史評論第21期,孫建中主編,國防部政務辦公室,20140601,https://ebook.ncl.edu.tw/webpac/bookDetail.jsp?id=48189&Lflag=1&tuple=1,20240220
16,空軍雷虎特技小組訪問紀錄,郭冠麟主編,國防部政務辦公室,20141201,https://gpi.culture.tw/books/1010302434,20240220
17,國軍原住民族官兵訪問紀錄,曾瓊葉主編,國防部政務辦公室,20140401,https://gpi.culture.tw/books/1010300514,20240220
18,西太平洋海權之爭,龔培德(David C. Gompert)著 ; 高一中譯,國防部政務辦公室,20150101,https://gpi.culture.tw/books/1010400015,20240220
19,軍事史評論第22期,孫建中主編,國防部政務辦公室,20150601,https://ebook.ncl.edu.tw/webpac/bookDetail.jsp?id=48193&Lflag=1&tuple=1,20240220
20,國軍軍樂隊 儀隊訪問紀錄,王耀武主編,國防部政務辦公室,20151201,https://gpi.culture.tw/Search,20240220
21,國軍將士紀念碑,"彭大年, 吳貞正主編",國防部政務辦公室,20161001,https://gpi.culture.tw/books/1010501986,20240220
22,軍事史評論第23期,孫建中主編,國防部政務辦公室,20160601,https://ebook.ncl.edu.tw/webpac/bookDetail.jsp?id=48196&Lflag=1&tuple=1,20240220
23,國民革命軍陸軍第二軍軍史,孫建中作,國防部政務辦公室,20171101,https://www.govbooks.com.tw/books/115243,20240220
24,軍事史評論第24期,孫建中主編,國防部政務辦公室,20170601,https://ebook.ncl.edu.tw/webpac/bookDetail.jsp?id=48198&Lflag=1&tuple=1,20240220
25,慈航天使 : 空軍救護隊訪問紀錄,曾瓊葉主編,國防部政務辦公室,20181201,https://gpi.culture.tw/books/1010702290,20240220
26,軍事史評論第25期,孫建中主編,國防部政務辦公室,20180601,https://ebook.ncl.edu.tw/webpac/bookDetail.jsp?id=48200&Lflag=1&tuple=1,20240220
27,鵬運萬里：空軍C-119部隊官兵訪問紀錄,郭冠麟主編,國防部政務辦公室,20180701,https://gpi.culture.tw/books/1010700978,20240220
28,軍事史評論第26期,孫建中主編,國防部政務辦公室,20190601,https://ebook.ncl.edu.tw/webpac/bookDetail.jsp?id=48202&Lflag=1&tuple=1,20240220
29,國民革命軍第三軍軍史,孫建中作,國防部政務辦公室,20191101,https://gpi.culture.tw/books/1010801946,20240220
30,戰轉乾坤：古寧頭戰役70周年紀念冊,王明瑞主編,國防部政務辦公室,20191001,https://gpi.culture.tw/books/1010801541,20240220
31,烽火同舟：登步島戰亦70周年參戰官兵訪問紀錄,孫祥恩主編,國防部政務辦公室,20191001,https://gpi.culture.tw/books/1010801542,20240220
32,軍事史評論第27期,孫建中主編,孫建中主編,20200601,https://ebook.ncl.edu.tw/webpac/bookDetail.jsp?id=48206&Lflag=1&tuple=1,20240605
33,軍事史評論第30期,孫建中主編,孫建中主編,20200601,https://gpi.culture.tw/books/2010700498,20240605
